﻿pos_x,pos_y,rotation,side,designator,mpn,pack,value,mount_type,place
133.387614,-85.908058,90.0,top,C1,,C_Rect_L7.2mm_W2.5mm_P5.00mm_FKS2_FKP2_MKS2_MKP2,100n,tht,True
175.26,-46.26,-90.0,top,C10,,CP_Radial_D5.0mm_P2.00mm,22uF,tht,True
148.87807,-85.908058,90.0,top,C2,,C_Rect_L7.2mm_W2.5mm_P5.00mm_FKS2_FKP2_MKS2_MKP2,100n,tht,True
159.970912,-86.240765,90.0,top,C3,,C_Disc_D3.0mm_W1.6mm_P2.50mm,47pF,tht,True
132.08,-61.5,-90.0,top,C4,,CP_Radial_D5.0mm_P2.00mm,22uF,tht,True
156.573298,-85.908058,90.0,top,C5,,C_Rect_L7.2mm_W2.5mm_P5.00mm_FKS2_FKP2_MKS2_MKP2,100n,tht,True
174.911368,-80.908058,-90.0,top,C6,,C_Rect_L7.2mm_W2.5mm_P5.00mm_FKS2_FKP2_MKS2_MKP2,100n,tht,True
178.758982,-80.908058,-90.0,top,C7,,C_Rect_L7.2mm_W2.5mm_P5.00mm_FKS2_FKP2_MKS2_MKP2,100n,tht,True
154.94,-56.42,-90.0,top,C8,,CP_Radial_D5.0mm_P2.00mm,22uF,tht,True
137.175967,-38.421244,180.0,top,C9,,C_Rect_L7.2mm_W2.5mm_P5.00mm_FKS2_FKP2_MKS2_MKP2,100n,tht,True
139.7,-74.93,90.0,top,D1,,D_DO-35_SOD27_P7.62mm_Horizontal,1N914,tht,True
136.979972,-93.98,0.0,top,D2,,SolderWire-0.5sqmm_1x02_P4.6mm_D0.9mm_OD2.1mm,-  +,tht,True
132.409072,-43.433014,0.0,top,D3,,D_DO-41_SOD81_P10.16mm_Horizontal,1N5817,tht,True
166.487486,-94.149127,180.0,top,D4,,SolderWire-0.5sqmm_1x02_P4.6mm_D0.9mm_OD2.1mm,LED_Small,tht,True
151.487486,-94.149127,0.0,top,J1,,SolderWire-0.5sqmm_1x01_D0.9mm_OD2.1mm,IN,tht,True
171.687486,-94.149127,0.0,top,J2,,SolderWire-0.5sqmm_1x01_D0.9mm_OD2.1mm,led,tht,True
157.48,-38.1,0.0,top,J3,,SolderWire-0.5sqmm_1x01_D0.9mm_OD2.1mm,GND,tht,True
152.4,-38.1,0.0,top,J4,,SolderWire-0.5sqmm_1x01_D0.9mm_OD2.1mm,+9V,tht,True
156.687486,-94.149127,0.0,top,J5,,SolderWire-0.5sqmm_1x01_D0.9mm_OD2.1mm,GND,tht,True
176.887486,-94.149127,0.0,top,J6,,SolderWire-0.5sqmm_1x01_D0.9mm_OD2.1mm,UT,tht,True
129.54,-71.84,0.0,top,Q1,,TO-92_Inline_Wide_EBC,MPSA13,tht,True
147.32,-71.84,0.0,top,Q2,,TO-92_Inline_Wide_EBC,2N3904,tht,True
162.56,-71.12,180.0,top,Q3,,TO-92_Inline_Wide_EBC,2N3904,tht,True
177.8,-71.12,0.0,top,Q4,,TO-92_Inline_Wide_EBC,2N3906,tht,True
129.54,-86.208058,90.0,top,R1,,R_Axial_DIN0207_L6.3mm_D2.5mm_P7.62mm_Horizontal,1M,tht,True
145.030456,-86.483058,90.0,top,R10,,R_Axial_DIN0207_L6.3mm_D2.5mm_P7.62mm_Horizontal,4K7,tht,True
182.606609,-86.483058,90.0,top,R11,,R_Axial_DIN0207_L6.3mm_D2.5mm_P7.62mm_Horizontal,330K,tht,True
141.182842,-78.863058,-90.0,top,R2,,R_Axial_DIN0207_L6.3mm_D2.5mm_P7.62mm_Horizontal,100K,tht,True
152.725684,-86.483058,90.0,top,R3,,R_Axial_DIN0207_L6.3mm_D2.5mm_P7.62mm_Horizontal,1M,tht,True
163.368526,-78.588058,-90.0,top,R4,,R_Axial_DIN0207_L6.3mm_D2.5mm_P7.62mm_Horizontal,10K,tht,True
167.64,-66.04,-90.0,top,R5,,R_Axial_DIN0207_L6.3mm_D2.5mm_P7.62mm_Horizontal,470K,tht,True
172.72,-73.66,90.0,top,R6,,R_Axial_DIN0207_L6.3mm_D2.5mm_P7.62mm_Horizontal,10K,tht,True
167.21614,-78.863058,-90.0,top,R7,,R_Axial_DIN0207_L6.3mm_D2.5mm_P7.62mm_Horizontal,10K,tht,True
171.063754,-78.863058,-90.0,top,R8,,R_Axial_DIN0207_L6.3mm_D2.5mm_P7.62mm_Horizontal,470K,tht,True
132.08,-48.26,0.0,top,R9,,R_Axial_DIN0207_L6.3mm_D2.5mm_P7.62mm_Horizontal,470R,tht,True
131.255625,-55.831677,0.0,top,RV1,,SolderWire-0.5sqmm_1x03_P4.6mm_D0.9mm_OD2.1mm,Balans,tht,True
160.02,-50.8,180.0,top,RV2,,SolderWire-0.5sqmm_1x03_P4.6mm_D0.9mm_OD2.1mm,OCT,tht,True
172.72,-55.88,0.0,top,RV3,,SolderWire-0.5sqmm_1x03_P4.6mm_D0.9mm_OD2.1mm,Nivå,tht,True
137.285228,-79.7,-90.0,top,SW1,,SolderWire-0.5sqmm_1x03_P4.6mm_D0.9mm_OD2.1mm,FB,tht,True
