﻿designator,quantity,value,pack,mpn,mount_type
"C1, C2, C5, C6, C7, C9",6,100n,C_Rect_L7.2mm_W2.5mm_P5.00mm_FKS2_FKP2_MKS2_MKP2,,tht
"C10, C4, C8",3,22uF,CP_Radial_D5.0mm_P2.00mm,,tht
C3,1,47pF,C_Disc_D3.0mm_W1.6mm_P2.50mm,,tht
D1,1,1N914,D_DO-35_SOD27_P7.62mm_Horizontal,,tht
D2,1,-  +,SolderWire-0.5sqmm_1x02_P4.6mm_D0.9mm_OD2.1mm,,tht
D3,1,1N5817,D_DO-41_SOD81_P10.16mm_Horizontal,,tht
D4,1,LED_Small,SolderWire-0.5sqmm_1x02_P4.6mm_D0.9mm_OD2.1mm,,tht
J1,1,IN,SolderWire-0.5sqmm_1x01_D0.9mm_OD2.1mm,,tht
J2,1,led,SolderWire-0.5sqmm_1x01_D0.9mm_OD2.1mm,,tht
J4,1,+9V,SolderWire-0.5sqmm_1x01_D0.9mm_OD2.1mm,,tht
J6,1,UT,SolderWire-0.5sqmm_1x01_D0.9mm_OD2.1mm,,tht
Q1,1,MPSA13,TO-92_Inline_Wide_EBC,,tht
"Q2, Q3",2,2N3904,TO-92_Inline_Wide_EBC,,tht
Q4,1,2N3906,TO-92_Inline_Wide_EBC,,tht
"R1, R3",2,1M,R_Axial_DIN0207_L6.3mm_D2.5mm_P7.62mm_Horizontal,,tht
R10,1,4K7,R_Axial_DIN0207_L6.3mm_D2.5mm_P7.62mm_Horizontal,,tht
R11,1,330K,R_Axial_DIN0207_L6.3mm_D2.5mm_P7.62mm_Horizontal,,tht
R2,1,100K,R_Axial_DIN0207_L6.3mm_D2.5mm_P7.62mm_Horizontal,,tht
"R4, R6, R7",3,10K,R_Axial_DIN0207_L6.3mm_D2.5mm_P7.62mm_Horizontal,,tht
"R5, R8",2,470K,R_Axial_DIN0207_L6.3mm_D2.5mm_P7.62mm_Horizontal,,tht
R9,1,470R,R_Axial_DIN0207_L6.3mm_D2.5mm_P7.62mm_Horizontal,,tht
RV1,1,Balans,SolderWire-0.5sqmm_1x03_P4.6mm_D0.9mm_OD2.1mm,,tht
RV2,1,OCT,SolderWire-0.5sqmm_1x03_P4.6mm_D0.9mm_OD2.1mm,,tht
RV3,1,Nivå,SolderWire-0.5sqmm_1x03_P4.6mm_D0.9mm_OD2.1mm,,tht
SW1,1,FB,SolderWire-0.5sqmm_1x03_P4.6mm_D0.9mm_OD2.1mm,,tht
